Modelo,Ano Fabricacao,Idade Veiculo,Km,Reclamacoes,Recall
Fiat Toro,2023,3.0,32954.0,2.0,Não
Fiat Uno,2016,10.0,117794.0,6.0,Não
Fiat Uno,2012,14.0,129392.0,4.0,Não
Fiat Strada,2019,7.0,46307.0,3.0,Não
Fiat Toro,2017,9.0,79988.0,0.0,Não
Fiat Uno,2014,,188249.0,1.0,Sim
Fiat Strada,2022,4.0,61994.0,2.0,Não
Fiat Toro,2026,0.0,,0.0,Sim
Fiat Grand Siena,2013,13.0,156511.0,,Não
Jeep Compass,2022,4.0,43858.0,5.0,Sim
Fiat Palio,2014,12.0,158308.0,10.0,Sim
Jeep Compass,2019,7.0,77194.0,3.0,Sim
Fiat Strada,2019,7.0,81906.0,9.0,Não
RAM 2500,2017,9.0,113393.0,7.0,Não
RAM 2500,2016,10.0,144891.0,11.0,Sim
Fiat Grand Siena,2013,13.0,158729.0,15.0,Não
Jeep Renegade,2016,10.0,127014.0,8.0,Sim
Fiat Grand Siena,2015,11.0,137012.0,7.0,Sim
Fiat Palio,2017,9.0,,3.0,Não
Jeep Grand Cherokee,2023,3.0,35375.0,3.0,Não
Fiat Strada,2025,1.0,12405.0,2.0,Não
Jeep Renegade,2023,3.0,33339.0,3.0,Não
Jeep Grand Cherokee,2024,2.0,23220.0,0.0,Não
Fiat Toro,2016,10.0,93131.0,10.0,Não
Jeep Renegade,2022,4.0,33188.0,2.0,Não
Jeep Renegade,2019,7.0,87945.0,7.0,Não
Jeep Compass,2017,9.0,108502.0,5.0,Sim
RAM 2500,2019,7.0,71016.0,5.0,Não
Fiat Grand Siena,2016,10.0,118059.0,11.0,Não
RAM 2500,2016,10.0,118403.0,7.0,Sim
Jeep Grand Cherokee,2019,7.0,68929.0,5.0,Sim
Jeep Compass,2020,6.0,67987.0,5.0,Não
Fiat Strada,2016,10.0,111110.0,7.0,Não
Fiat Toro,2024,2.0,26159.0,2.0,Não
Jeep Grand Cherokee,2020,6.0,57037.0,0.0,Não
Jeep Renegade,2020,6.0,66432.0,9.0,Não
,2017,9.0,94191.0,4.0,Não
Fiat Strada,2025,1.0,5805.0,0.0,Não
Fiat Grand Siena,2018,8.0,69685.0,7.0,Sim
Jeep Compass,2022,4.0,49391.0,4.0,Não
Jeep Grand Cherokee,2023,3.0,45089.0,5.0,Sim
Jeep Compass,2018,8.0,58821.0,6.0,Não
Jeep Grand Cherokee,2023,,28771.0,1.0,Não
RAM 2500,2018,8.0,97936.0,6.0,Não
Jeep Grand Cherokee,2021,5.0,76593.0,2.0,Não
Jeep Renegade,2021,5.0,63034.0,3.0,Não
RAM 2500,2021,5.0,60038.0,1.0,Sim
Fiat Strada,2020,6.0,44558.0,3.0,Não
Fiat Toro,2019,7.0,68675.0,4.0,Não
Fiat Palio,2015,11.0,117102.0,11.0,Não
Fiat Strada,2015,11.0,138725.0,7.0,Sim
Fiat Grand Siena,2015,11.0,122173.0,8.0,Não
Jeep Renegade,2015,11.0,152383.0,10.0,Sim
Fiat Strada,2023,,39313.0,1.0,Não
Jeep Compass,2025,1.0,16311.0,,Não
Jeep Compass,2020,6.0,75239.0,3.0,Não
,2019,7.0,109231.0,6.0,Não
Jeep Compass,2021,5.0,62863.0,4.0,Não
Jeep Renegade,2022,4.0,62285.0,2.0,Não
Fiat Palio,2017,9.0,111010.0,12.0,Sim
Jeep Grand Cherokee,2018,8.0,93307.0,3.0,Não
Jeep Compass,2020,6.0,89012.0,4.0,Sim
Fiat Strada,2024,2.0,11890.0,1.0,Não
Jeep Renegade,2024,2.0,15020.0,1.0,Não
Fiat Strada,2025,1.0,11460.0,3.0,Não
Fiat Uno,2020,6.0,39659.0,3.0,Não
Fiat Strada,2017,9.0,117382.0,5.0,Não
Fiat Grand Siena,2013,13.0,100214.0,16.0,Sim
Jeep Compass,2023,3.0,,,Não
Fiat Strada,2022,,34900.0,1.0,Não
Jeep Compass,2022,4.0,35734.0,2.0,Não
Fiat Toro,2021,5.0,74809.0,3.0,Não
Fiat Strada,2019,7.0,88936.0,3.0,Não
Fiat Uno,2020,6.0,61391.0,9.0,Não
Jeep Grand Cherokee,2021,5.0,80589.0,4.0,Não
Jeep Renegade,2024,2.0,23970.0,1.0,Não
Fiat Strada,2025,1.0,10583.0,2.0,Não
Jeep Compass,2022,4.0,43638.0,4.0,Não
Fiat Strada,2021,5.0,85369.0,4.0,Sim
Jeep Grand Cherokee,2020,6.0,51622.0,3.0,Não
Fiat Uno,2019,7.0,93868.0,7.0,Não
Jeep Compass,2025,1.0,9899.0,3.0,Não
Jeep Renegade,2023,3.0,38566.0,4.0,Não
Jeep Compass,2019,7.0,105047.0,5.0,Sim
Jeep Grand Cherokee,2021,5.0,49077.0,5.0,Não
Fiat Strada,2016,10.0,93083.0,6.0,Sim
RAM 2500,2019,7.0,101516.0,9.0,Não
Fiat Uno,2011,15.0,147018.0,8.0,Não
Fiat Uno,2016,10.0,103686.0,11.0,Sim
Jeep Grand Cherokee,2017,9.0,140415.0,8.0,Não
Jeep Grand Cherokee,2017,9.0,141847.0,15.0,Não
Fiat Toro,2021,5.0,73986.0,1.0,Não
Fiat Toro,2016,10.0,155847.0,7.0,Não
Jeep Renegade,2016,10.0,99377.0,6.0,Sim
Fiat Palio,2013,13.0,173721.0,13.0,Não
Fiat Toro,2025,1.0,10921.0,1.0,Não
Fiat Palio,2015,11.0,118349.0,13.0,Não
Jeep Compass,2023,3.0,39098.0,1.0,Sim
Jeep Compass,2025,1.0,11464.0,1.0,Sim
Fiat Palio,2011,15.0,164401.0,8.0,Não
Fiat Uno,2020,6.0,54620.0,5.0,Sim
Jeep Grand Cherokee,2023,3.0,,5.0,Sim
RAM 2500,2016,10.0,31884.0,7.0,Não
Jeep Renegade,2020,6.0,91527.0,5.0,Sim
Fiat Strada,2023,3.0,31977.0,1.0,Não
Fiat Strada,2018,8.0,105863.0,13.0,Sim
Fiat Strada,2025,1.0,15798.0,0.0,Não
RAM 2500,2015,11.0,166855.0,10.0,Sim
Jeep Renegade,2024,2.0,27779.0,1.0,Não
Fiat Grand Siena,2018,8.0,118396.0,4.0,Sim
Fiat Toro,2025,1.0,13698.0,0.0,Não
Fiat Palio,2015,11.0,134552.0,3.0,Não
RAM 2500,2019,7.0,51635.0,5.0,Sim
Fiat Palio,2016,10.0,84396.0,6.0,Não
Jeep Compass,2016,10.0,152512.0,4.0,Sim
Fiat Toro,2017,9.0,118102.0,9.0,Não
Jeep Renegade,2017,9.0,159506.0,11.0,Sim
RAM 2500,2018,8.0,101812.0,10.0,Sim
Fiat Toro,2021,5.0,53865.0,2.0,Não
Jeep Grand Cherokee,2022,4.0,63900.0,5.0,Sim
Fiat Grand Siena,2018,8.0,104618.0,4.0,Não
Fiat Toro,2018,8.0,99787.0,3.0,Não
Fiat Uno,2011,15.0,177788.0,8.0,Não
Jeep Renegade,2016,10.0,118176.0,7.0,Sim
Jeep Renegade,2021,5.0,63461.0,5.0,Não
Fiat Strada,2017,9.0,86331.0,5.0,Não
Fiat Strada,2017,9.0,139423.0,9.0,Sim
Fiat Toro,2021,5.0,58047.0,5.0,Não
Fiat Grand Siena,2018,8.0,84730.0,7.0,Sim
Fiat Palio,2014,12.0,163156.0,9.0,Não
Fiat Strada,2016,10.0,137118.0,5.0,Não
Fiat Grand Siena,2014,12.0,145469.0,11.0,Não
Jeep Renegade,2019,7.0,79290.0,4.0,Sim
RAM 2500,2018,8.0,92381.0,8.0,Não
Fiat Toro,2017,9.0,118194.0,6.0,Não
Jeep Compass,2016,10.0,67239.0,4.0,Não
Jeep Compass,2020,6.0,77560.0,8.0,Não
Jeep Renegade,2018,8.0,113710.0,5.0,Não
Jeep Compass,2022,4.0,45800.0,1.0,Não
Jeep Compass,2020,6.0,99369.0,3.0,Não
Jeep Compass,2016,10.0,127123.0,5.0,Não
Jeep Renegade,2015,11.0,155694.0,12.0,Sim
Fiat Uno,2017,9.0,112479.0,11.0,Não
Jeep Renegade,2019,7.0,76657.0,2.0,Não
Fiat Grand Siena,2017,9.0,135570.0,8.0,Não
Fiat Grand Siena,2018,8.0,123342.0,3.0,Não
Fiat Palio,2013,13.0,104800.0,10.0,Não
Jeep Renegade,2022,4.0,69680.0,4.0,Não
Fiat Palio,2017,9.0,107144.0,5.0,Não
Jeep Grand Cherokee,2024,2.0,23535.0,4.0,Não
Fiat Strada,2024,2.0,22744.0,4.0,Não
Jeep Renegade,2016,10.0,154259.0,7.0,Sim
RAM 2500,2025,1.0,12735.0,2.0,Não
Fiat Toro,2021,5.0,37968.0,4.0,Não
RAM 2500,2017,9.0,110315.0,7.0,Sim
Fiat Toro,2017,,106948.0,7.0,Sim
Jeep Grand Cherokee,2020,6.0,80776.0,8.0,Não
Fiat Uno,2015,11.0,154800.0,7.0,Não
Jeep Compass,2025,1.0,10429.0,3.0,Não
Fiat Grand Siena,2019,7.0,88875.0,6.0,Não
Fiat Strada,2023,3.0,23878.0,2.0,Não
Fiat Palio,2013,13.0,189968.0,20.0,Sim
Fiat Strada,2016,10.0,,13.0,Sim
Fiat Strada,2024,2.0,13586.0,3.0,Não
Fiat Grand Siena,2016,10.0,113729.0,7.0,Não
Fiat Strada,2021,5.0,74138.0,2.0,Não
Jeep Grand Cherokee,2017,9.0,86280.0,5.0,Sim
Fiat Uno,2014,12.0,112074.0,11.0,Sim
Jeep Grand Cherokee,2022,4.0,58442.0,4.0,Não
Jeep Grand Cherokee,2015,11.0,155572.0,6.0,Sim
Jeep Grand Cherokee,2020,6.0,56942.0,6.0,Não
Fiat Toro,2023,3.0,39513.0,3.0,Não
Jeep Compass,2018,8.0,107297.0,5.0,Sim
RAM 2500,2021,5.0,69345.0,5.0,Não
Fiat Toro,2020,6.0,69191.0,2.0,Não
Jeep Grand Cherokee,2018,8.0,92211.0,5.0,Não
Jeep Renegade,2019,7.0,96864.0,5.0,Não
Jeep Renegade,2018,8.0,91467.0,6.0,Sim
Fiat Palio,2013,13.0,156907.0,10.0,Sim
Fiat Uno,2012,14.0,227654.0,13.0,Sim
Fiat Toro,2021,5.0,67826.0,2.0,Não
Fiat Uno,2020,6.0,,4.0,Não
,2021,5.0,71347.0,11.0,Não
Fiat Toro,2016,10.0,109089.0,2.0,Sim
Fiat Grand Siena,2013,13.0,135851.0,7.0,Não
Jeep Compass,2016,10.0,87453.0,8.0,Não
Jeep Grand Cherokee,2018,8.0,90042.0,6.0,Não
Jeep Grand Cherokee,2023,3.0,31658.0,2.0,Não
RAM 2500,2025,1.0,9059.0,0.0,Não
Fiat Uno,2012,14.0,145822.0,11.0,Sim
RAM 2500,2018,8.0,109280.0,6.0,Sim
Fiat Palio,2017,9.0,104077.0,4.0,Não
Fiat Strada,2021,5.0,48658.0,3.0,Não
Jeep Renegade,2018,8.0,45305.0,5.0,Sim
Jeep Renegade,2019,7.0,76437.0,4.0,Não
Fiat Toro,2023,3.0,30016.0,0.0,Não
Jeep Grand Cherokee,2022,4.0,49799.0,3.0,Não
Jeep Renegade,2021,5.0,67739.0,3.0,Não
Fiat Strada,2023,3.0,39603.0,1.0,Não
Jeep Compass,2021,5.0,61386.0,4.0,Sim
Jeep Compass,2020,6.0,76595.0,8.0,Não
Fiat Toro,2023,3.0,48332.0,2.0,Não
Fiat Uno,2015,11.0,137273.0,7.0,Não
Fiat Strada,2026,0.0,0.0,0.0,Não
Fiat Palio,2016,10.0,144633.0,8.0,Sim
Fiat Strada,2020,6.0,68604.0,7.0,Sim
Jeep Renegade,2015,11.0,145501.0,8.0,Sim
Fiat Grand Siena,2017,9.0,107606.0,8.0,Sim
Fiat Toro,2023,3.0,41469.0,4.0,Não
Fiat Palio,2014,12.0,184914.0,14.0,Sim
Jeep Compass,2019,7.0,61734.0,7.0,Sim
Jeep Compass,2018,8.0,68576.0,4.0,Sim
RAM 2500,2017,9.0,80870.0,9.0,Sim
Fiat Palio,2016,10.0,132395.0,8.0,Não
Fiat Strada,2022,4.0,65409.0,4.0,Não
Jeep Grand Cherokee,2016,10.0,121802.0,10.0,Não
Fiat Strada,2022,4.0,44790.0,5.0,Não
Jeep Renegade,2019,7.0,83135.0,6.0,Sim
Fiat Grand Siena,2015,11.0,144511.0,5.0,Sim
Fiat Uno,2015,11.0,77851.0,15.0,Não
Jeep Grand Cherokee,2019,,102720.0,5.0,Sim
Fiat Uno,2014,12.0,64232.0,8.0,Não
RAM 2500,2017,9.0,140160.0,11.0,Sim
Jeep Compass,2023,3.0,30475.0,3.0,Não
Fiat Grand Siena,2013,13.0,172084.0,11.0,Sim
Jeep Compass,2022,4.0,53796.0,3.0,Não
Fiat Strada,2019,7.0,101052.0,5.0,Não
Jeep Grand Cherokee,2023,3.0,,3.0,Não
Fiat Grand Siena,2016,10.0,115254.0,13.0,Sim
Fiat Toro,2021,5.0,70070.0,1.0,Não
Jeep Grand Cherokee,2016,10.0,195339.0,8.0,Sim
RAM 2500,2014,12.0,,12.0,Sim
Fiat Toro,2022,4.0,39138.0,2.0,Sim
Fiat Strada,2025,1.0,8318.0,0.0,Sim
Jeep Compass,2021,5.0,56543.0,5.0,Não
Jeep Compass,2018,8.0,112619.0,12.0,Sim
Jeep Renegade,2015,11.0,134645.0,11.0,Sim
RAM 2500,2016,10.0,114900.0,13.0,Sim
Jeep Renegade,2023,3.0,44650.0,7.0,Não
Jeep Grand Cherokee,2022,4.0,53898.0,3.0,Não
Jeep Compass,2020,6.0,50165.0,7.0,Sim
Jeep Renegade,2020,6.0,57314.0,3.0,Não
Fiat Toro,2018,8.0,104119.0,6.0,Não
Fiat Palio,2014,12.0,95117.0,7.0,Não
Jeep Grand Cherokee,2017,9.0,93911.0,3.0,Sim
Jeep Compass,2023,3.0,38518.0,3.0,Não
Fiat Toro,2016,10.0,63588.0,5.0,Não
Jeep Compass,2018,8.0,47665.0,3.0,Sim
Jeep Compass,2022,4.0,29599.0,5.0,Não
Jeep Renegade,2018,8.0,125834.0,9.0,Não
Jeep Compass,2017,9.0,118192.0,3.0,Sim
RAM 2500,2024,2.0,20934.0,4.0,Não
Fiat Palio,2014,12.0,89109.0,13.0,Não
Fiat Grand Siena,2018,8.0,76360.0,7.0,Não
Jeep Grand Cherokee,2020,6.0,70286.0,3.0,Não
Jeep Grand Cherokee,2015,11.0,183112.0,9.0,Sim
Fiat Toro,2019,7.0,80391.0,6.0,Não
Fiat Grand Siena,2016,10.0,109518.0,7.0,Não
RAM 2500,2014,12.0,90038.0,6.0,Não
Jeep Compass,2024,2.0,23301.0,3.0,Não
Fiat Uno,2018,8.0,,4.0,Não
Fiat Toro,2019,7.0,101779.0,6.0,Não
Jeep Compass,2022,4.0,38682.0,1.0,Não
Jeep Renegade,2017,9.0,102587.0,9.0,Sim
Jeep Grand Cherokee,2024,2.0,23997.0,,Não
Fiat Grand Siena,2018,8.0,,4.0,Não
Fiat Palio,2015,11.0,167833.0,7.0,Não
Jeep Grand Cherokee,2014,12.0,172281.0,7.0,Não
Fiat Strada,2017,9.0,126339.0,3.0,Não
Jeep Grand Cherokee,2016,10.0,154852.0,10.0,Não
Fiat Toro,2021,5.0,54677.0,3.0,Não
Jeep Compass,2018,8.0,90015.0,2.0,Não
Fiat Grand Siena,2012,14.0,180092.0,9.0,Sim
Jeep Renegade,2024,2.0,14599.0,0.0,Não
Fiat Toro,2018,8.0,86778.0,4.0,Não
Jeep Compass,2016,10.0,108391.0,5.0,Não
Jeep Renegade,2024,2.0,18851.0,0.0,Não
Fiat Strada,2019,7.0,94786.0,3.0,Não
Jeep Compass,2020,6.0,84358.0,5.0,Não
Fiat Palio,2017,9.0,126524.0,11.0,Não
Fiat Strada,2023,3.0,35515.0,2.0,Não
Fiat Palio,2015,11.0,145935.0,11.0,Não
Jeep Renegade,2016,10.0,,10.0,Sim
Jeep Grand Cherokee,2018,8.0,102979.0,7.0,Sim
Jeep Renegade,2021,5.0,61207.0,5.0,Não
Fiat Uno,2015,11.0,101316.0,7.0,Não
Jeep Grand Cherokee,2022,4.0,62689.0,6.0,Sim
Fiat Toro,2024,2.0,26030.0,5.0,Não
Jeep Renegade,2018,8.0,80460.0,,Não
RAM 2500,2014,12.0,89279.0,11.0,Sim
RAM 2500,2015,11.0,117798.0,7.0,Não
Fiat Palio,2014,12.0,174959.0,12.0,Não
Fiat Toro,2026,0.0,1972.0,0.0,Não
Fiat Toro,2021,5.0,60262.0,7.0,Sim
Jeep Grand Cherokee,2014,12.0,171555.0,9.0,Sim
Fiat Toro,2019,7.0,87799.0,4.0,Não
RAM 2500,2025,1.0,9739.0,2.0,Não
Fiat Toro,2024,2.0,15926.0,0.0,Não
Jeep Compass,2022,4.0,41348.0,1.0,Não
Jeep Renegade,2015,11.0,,5.0,Sim
Fiat Strada,2022,4.0,30948.0,2.0,Não
Fiat Toro,2022,4.0,44243.0,1.0,Não
Fiat Toro,2023,3.0,32526.0,2.0,Não
Fiat Toro,2023,3.0,38988.0,0.0,Não
Fiat Palio,2012,14.0,200690.0,19.0,Sim
RAM 2500,2019,7.0,91579.0,6.0,Não
Jeep Grand Cherokee,2016,10.0,117203.0,8.0,Não
Fiat Strada,2023,3.0,35764.0,0.0,Não
RAM 2500,2020,6.0,73671.0,9.0,Não
Fiat Strada,2023,3.0,29790.0,3.0,Não
Fiat Strada,2017,9.0,123556.0,6.0,Sim
Fiat Toro,2017,9.0,76128.0,9.0,Não
Fiat Strada,2018,8.0,109316.0,4.0,Não
Fiat Uno,2011,15.0,176066.0,14.0,Sim
Fiat Toro,2017,,130624.0,7.0,Não
Fiat Toro,2019,7.0,74083.0,4.0,Não
Jeep Renegade,2022,4.0,44258.0,2.0,Não
Jeep Grand Cherokee,2020,6.0,67816.0,2.0,Não
Fiat Uno,2014,12.0,123635.0,7.0,Não
Jeep Renegade,2024,2.0,21504.0,2.0,Não
Jeep Compass,2022,4.0,52946.0,0.0,Não
Jeep Compass,2024,2.0,26078.0,2.0,Não
Jeep Grand Cherokee,2017,,120487.0,7.0,Sim
Fiat Strada,2017,9.0,98186.0,5.0,Não
Fiat Palio,2012,14.0,107824.0,5.0,Não
Fiat Toro,2019,7.0,69162.0,4.0,Não
Jeep Grand Cherokee,2014,12.0,154934.0,9.0,Sim
Fiat Toro,2026,0.0,0.0,0.0,Não
Fiat Uno,2014,12.0,135326.0,11.0,Sim
Jeep Compass,2021,5.0,76228.0,6.0,Não
Fiat Uno,2017,9.0,60823.0,10.0,Sim
Jeep Grand Cherokee,2019,,76277.0,9.0,Não
Fiat Uno,2013,13.0,176860.0,10.0,Sim
Fiat Strada,2019,7.0,94670.0,5.0,Não
Jeep Compass,2016,10.0,132713.0,7.0,Sim
Jeep Grand Cherokee,2014,12.0,123526.0,8.0,Sim
Fiat Uno,2011,15.0,244654.0,11.0,Não
Fiat Strada,2025,1.0,9391.0,0.0,Não
Fiat Grand Siena,2015,11.0,88091.0,11.0,Não
,2017,9.0,90951.0,8.0,Sim
Fiat Toro,2019,7.0,73612.0,3.0,Não
Fiat Toro,2018,8.0,62734.0,6.0,Não
Jeep Renegade,2024,2.0,,2.0,Não
Jeep Compass,2021,5.0,45608.0,3.0,Não
Jeep Grand Cherokee,2018,8.0,137247.0,10.0,Sim
Fiat Toro,2024,2.0,21127.0,1.0,Não
Fiat Strada,2016,10.0,101615.0,7.0,Sim
Fiat Grand Siena,2015,11.0,135895.0,4.0,Não
Jeep Compass,2020,6.0,55461.0,2.0,Não
RAM 2500,2017,9.0,97193.0,8.0,Sim
Jeep Renegade,2022,4.0,56338.0,6.0,Não
Jeep Renegade,2024,2.0,24442.0,3.0,Não
Fiat Grand Siena,2015,11.0,126184.0,8.0,Não
Jeep Compass,2020,6.0,63647.0,7.0,Não
Jeep Grand Cherokee,2024,2.0,30327.0,2.0,Não
Jeep Compass,2021,5.0,48542.0,0.0,Não
Jeep Grand Cherokee,2020,6.0,77085.0,7.0,Não
Fiat Toro,2021,5.0,51449.0,2.0,Não
Jeep Grand Cherokee,2021,5.0,60598.0,3.0,Não
Jeep Compass,2025,1.0,11677.0,1.0,Não
Fiat Toro,2018,8.0,74983.0,3.0,Não
Fiat Strada,2022,4.0,56140.0,5.0,Não
Jeep Compass,2019,7.0,,7.0,Sim
Fiat Toro,2022,4.0,,4.0,Não
Jeep Renegade,2019,7.0,44061.0,3.0,Não
Jeep Compass,2021,5.0,61039.0,3.0,Não
Fiat Palio,2012,14.0,189532.0,9.0,Sim
Jeep Renegade,2016,10.0,140128.0,6.0,Sim
Jeep Grand Cherokee,2025,1.0,10506.0,1.0,Não
Fiat Grand Siena,2012,14.0,129645.0,8.0,Sim
Jeep Renegade,2018,8.0,109917.0,12.0,Sim
Fiat Uno,2016,10.0,145281.0,11.0,Não
Jeep Compass,2025,1.0,14445.0,1.0,Não
Jeep Renegade,2018,8.0,63210.0,6.0,Não
Jeep Compass,2016,10.0,124921.0,5.0,Não
Fiat Uno,2018,8.0,69818.0,5.0,Sim
Fiat Toro,2018,8.0,102601.0,3.0,Não
Jeep Compass,2017,9.0,114416.0,11.0,Sim
Fiat Grand Siena,2012,14.0,195876.0,8.0,Não
Fiat Palio,2011,15.0,171873.0,10.0,Não
Jeep Renegade,2020,6.0,59998.0,4.0,Não
Jeep Compass,2024,2.0,,2.0,Não
Fiat Palio,2012,14.0,153176.0,8.0,Não
Jeep Renegade,2020,6.0,78883.0,8.0,Não
Jeep Renegade,2023,3.0,34474.0,2.0,Sim
RAM 2500,2019,,98162.0,2.0,Não
Fiat Toro,2017,9.0,78566.0,7.0,Sim
Jeep Compass,2016,10.0,113735.0,8.0,Não
RAM 2500,2016,10.0,115397.0,10.0,Não
Fiat Palio,2012,14.0,161202.0,8.0,Não
Jeep Renegade,2020,6.0,49751.0,2.0,Não
Jeep Compass,2023,3.0,38566.0,2.0,Não
Fiat Uno,2016,10.0,127410.0,9.0,Sim
Jeep Compass,2020,6.0,92235.0,5.0,Não
Fiat Strada,2026,0.0,1452.0,1.0,Não
Jeep Compass,2021,5.0,91124.0,5.0,Não
Fiat Toro,2025,1.0,10031.0,0.0,Não
Fiat Toro,2025,1.0,16648.0,1.0,Não
Fiat Uno,2019,7.0,83750.0,5.0,Não
RAM 2500,2025,1.0,11936.0,2.0,Não
Jeep Compass,2023,3.0,38508.0,1.0,Sim
Fiat Toro,2016,10.0,131264.0,8.0,Sim
Fiat Toro,2020,6.0,63203.0,4.0,Não
Fiat Toro,2022,4.0,49665.0,5.0,Não
Fiat Strada,2026,0.0,0.0,1.0,Não
Fiat Uno,2013,13.0,131391.0,10.0,Não
RAM 2500,2022,4.0,46686.0,4.0,Não
Jeep Grand Cherokee,2015,11.0,179953.0,12.0,Não
Jeep Compass,2017,9.0,130524.0,7.0,Sim
Fiat Toro,2026,0.0,0.0,1.0,Não
Fiat Toro,2021,5.0,68918.0,7.0,Não
RAM 2500,2019,7.0,85397.0,9.0,Não
Fiat Palio,2012,14.0,,6.0,Não
Jeep Renegade,2016,10.0,120316.0,13.0,Sim
Fiat Palio,2015,11.0,166434.0,9.0,Não
Fiat Uno,2014,12.0,173539.0,12.0,Sim
Fiat Uno,2015,11.0,102685.0,3.0,Não
Fiat Palio,2017,9.0,118421.0,9.0,Sim
Fiat Toro,2026,0.0,1697.0,0.0,Não
Fiat Toro,2020,,81332.0,5.0,Não
Jeep Compass,2024,2.0,25474.0,2.0,Não
Fiat Uno,2012,14.0,195156.0,12.0,Sim
Fiat Toro,2026,0.0,0.0,0.0,Não
Fiat Strada,2017,9.0,93159.0,5.0,Sim
Fiat Toro,2023,3.0,45176.0,3.0,Não
Jeep Grand Cherokee,2022,4.0,57668.0,6.0,Não
Jeep Compass,2024,2.0,24795.0,2.0,Não
Jeep Compass,2023,3.0,42626.0,8.0,Não
Fiat Strada,2021,5.0,51743.0,3.0,Não
Jeep Renegade,2020,6.0,78461.0,4.0,Sim
Jeep Renegade,2020,6.0,58279.0,3.0,Sim
Jeep Grand Cherokee,2022,4.0,46984.0,4.0,Sim
Jeep Grand Cherokee,2025,1.0,9588.0,2.0,Sim
Fiat Toro,2019,7.0,78246.0,6.0,Não
Jeep Renegade,2018,8.0,83496.0,7.0,Não
Jeep Compass,2023,,34743.0,2.0,Não
Jeep Renegade,2016,10.0,111963.0,7.0,Sim
Jeep Grand Cherokee,2014,12.0,145123.0,8.0,Não
Fiat Grand Siena,2018,8.0,,8.0,Não
Fiat Strada,2026,0.0,1984.0,0.0,Sim
Jeep Renegade,2023,3.0,26579.0,1.0,Não
Fiat Strada,2026,0.0,68.0,1.0,Não
RAM 2500,2024,2.0,26070.0,3.0,Sim
Fiat Strada,2023,3.0,41309.0,3.0,Não
Fiat Strada,2019,7.0,102273.0,,Não
Fiat Strada,2025,1.0,10771.0,0.0,Não
Fiat Strada,2020,6.0,75418.0,5.0,Não
Jeep Renegade,2015,11.0,155863.0,5.0,Sim
Fiat Strada,2026,0.0,5076.0,0.0,Não
Fiat Uno,2017,9.0,122402.0,4.0,Sim
Fiat Strada,2025,1.0,8020.0,3.0,Não
Fiat Grand Siena,2013,13.0,154140.0,7.0,Não
Jeep Grand Cherokee,2025,1.0,13221.0,1.0,Não
Jeep Renegade,2019,7.0,82131.0,,Não
Jeep Renegade,2020,6.0,75422.0,6.0,Sim
Fiat Strada,2018,8.0,88084.0,5.0,Não
Fiat Grand Siena,2012,14.0,172865.0,9.0,Não
Fiat Strada,2024,2.0,35774.0,1.0,Não
Jeep Grand Cherokee,2016,10.0,108439.0,12.0,Não
Fiat Toro,2024,2.0,20581.0,5.0,Não
Jeep Compass,2022,4.0,38227.0,3.0,Não
Jeep Compass,2020,6.0,91590.0,7.0,Não
Fiat Strada,2024,2.0,23872.0,2.0,Não
RAM 2500,2018,8.0,112830.0,5.0,Sim
Jeep Grand Cherokee,2017,9.0,71511.0,4.0,Sim
Jeep Compass,2023,3.0,28636.0,,Não
Jeep Compass,2021,5.0,55317.0,2.0,Não
Fiat Toro,2023,3.0,33051.0,2.0,Não
Fiat Toro,2019,7.0,83583.0,6.0,Não
Fiat Toro,2019,7.0,85510.0,8.0,Não
Fiat Toro,2022,4.0,57032.0,3.0,Não
Jeep Compass,2024,2.0,22504.0,3.0,Não
RAM 2500,2016,10.0,146279.0,9.0,Não
Jeep Compass,2024,2.0,,2.0,Não
Jeep Grand Cherokee,2019,7.0,51288.0,3.0,Sim
RAM 2500,2017,9.0,35965.0,7.0,Sim
RAM 2500,2015,11.0,135025.0,4.0,Não
RAM 2500,2017,9.0,119375.0,6.0,Sim
Fiat Strada,2026,0.0,0.0,1.0,Não
Fiat Strada,2016,10.0,125351.0,7.0,Não
Fiat Strada,2023,3.0,34646.0,3.0,Sim
Jeep Compass,2024,2.0,24256.0,0.0,Não
Jeep Compass,2025,1.0,15678.0,2.0,Não
Jeep Grand Cherokee,2019,7.0,105779.0,5.0,Não
Fiat Toro,2023,3.0,13594.0,2.0,Não
Jeep Compass,2019,7.0,46528.0,3.0,Não
Jeep Compass,2023,3.0,39377.0,0.0,Não
Jeep Grand Cherokee,2022,4.0,70891.0,5.0,Não
Jeep Renegade,2022,4.0,44404.0,2.0,Não
Fiat Toro,2016,10.0,133264.0,4.0,Não
Fiat Grand Siena,2014,12.0,194668.0,11.0,Sim
Fiat Strada,2017,9.0,91062.0,7.0,Não
Fiat Uno,2013,13.0,138580.0,11.0,Sim
Jeep Compass,2024,2.0,15648.0,1.0,Não
Fiat Toro,2016,10.0,101221.0,6.0,Sim
Jeep Renegade,2021,5.0,77586.0,3.0,Não
Fiat Toro,2024,2.0,,4.0,Não
Fiat Toro,2021,5.0,55375.0,5.0,Não
Fiat Grand Siena,2015,11.0,187013.0,10.0,Sim
Fiat Grand Siena,2019,7.0,90398.0,6.0,Não
Fiat Uno,2019,7.0,67043.0,2.0,Não
Jeep Renegade,2017,9.0,57137.0,8.0,Não
Jeep Grand Cherokee,2014,12.0,217927.0,11.0,Sim
Fiat Grand Siena,2015,11.0,166906.0,5.0,Não
Fiat Palio,2014,12.0,157031.0,6.0,Não
RAM 2500,2016,10.0,82286.0,8.0,Não
Fiat Uno,2012,14.0,182523.0,7.0,Sim
Jeep Grand Cherokee,2016,10.0,126817.0,8.0,Não
RAM 2500,2024,2.0,26419.0,1.0,Sim
Fiat Uno,2017,9.0,63253.0,4.0,Sim
Jeep Renegade,2016,10.0,,9.0,Sim
Fiat Toro,2023,3.0,,2.0,Não
Jeep Grand Cherokee,2017,9.0,108605.0,8.0,Sim
Jeep Compass,2023,3.0,48568.0,3.0,Não
Jeep Grand Cherokee,2015,11.0,129579.0,6.0,Não
Fiat Uno,2017,9.0,98499.0,9.0,Não
Jeep Renegade,2017,9.0,119336.0,6.0,Sim
Jeep Renegade,2016,10.0,154969.0,9.0,Sim
RAM 2500,2021,5.0,45530.0,3.0,Não
Jeep Compass,2017,9.0,65517.0,5.0,Não
Jeep Grand Cherokee,2025,1.0,13078.0,1.0,Não
Fiat Strada,2026,0.0,2620.0,2.0,Não
Fiat Grand Siena,2014,12.0,136862.0,9.0,Não
Jeep Grand Cherokee,2018,8.0,80210.0,5.0,Sim
Fiat Toro,2016,10.0,136670.0,5.0,Não
Fiat Strada,2016,10.0,118972.0,11.0,Sim
Fiat Palio,2013,13.0,192417.0,16.0,Não
Jeep Renegade,2023,3.0,,4.0,Não
Fiat Strada,2025,1.0,9685.0,1.0,Não
Jeep Compass,2019,7.0,79197.0,2.0,Não
Fiat Strada,2018,8.0,79248.0,4.0,Não
Jeep Compass,2016,10.0,123034.0,8.0,Não
Fiat Strada,2023,3.0,50140.0,2.0,Não
Jeep Renegade,2017,9.0,70003.0,11.0,Não
Fiat Grand Siena,2013,13.0,144998.0,11.0,Sim
Fiat Toro,2018,8.0,143544.0,10.0,Não
Jeep Renegade,2020,6.0,57752.0,9.0,Não
Jeep Compass,2020,6.0,77481.0,9.0,Não
Fiat Uno,2017,9.0,126293.0,9.0,Sim
Fiat Toro,2024,2.0,28248.0,0.0,Não
Jeep Renegade,2015,11.0,98471.0,6.0,Sim
Jeep Renegade,2015,11.0,135070.0,8.0,Sim
Jeep Renegade,2019,7.0,96948.0,6.0,Não
Fiat Toro,2023,3.0,21539.0,3.0,Não
Jeep Compass,2017,9.0,125495.0,7.0,Não
RAM 2500,2018,8.0,123880.0,5.0,Sim
Fiat Toro,2023,3.0,36207.0,2.0,Não
Fiat Palio,2013,13.0,122681.0,7.0,Não
Fiat Strada,2025,1.0,10185.0,1.0,Não
Jeep Compass,2016,10.0,108205.0,6.0,Não
Jeep Compass,2016,10.0,139138.0,11.0,Não
Fiat Toro,2024,2.0,22045.0,1.0,Não
Fiat Uno,2014,12.0,135999.0,10.0,Não
Jeep Compass,2017,9.0,117091.0,9.0,Não
Fiat Grand Siena,2012,14.0,176557.0,9.0,Sim
Fiat Grand Siena,2016,10.0,101702.0,11.0,Sim
Jeep Grand Cherokee,2019,7.0,88846.0,9.0,Não
Jeep Renegade,2019,7.0,51318.0,8.0,Sim
Jeep Compass,2020,6.0,87495.0,3.0,Não
Jeep Grand Cherokee,2015,11.0,101859.0,5.0,Não
Jeep Renegade,2020,6.0,61403.0,6.0,Não
RAM 2500,2016,10.0,98303.0,9.0,Não
Fiat Palio,2015,11.0,131167.0,3.0,Não
Fiat Uno,2018,8.0,119424.0,2.0,Não
Jeep Renegade,2024,2.0,21161.0,0.0,Não
Fiat Toro,2016,10.0,111985.0,11.0,Não
Fiat Uno,2016,10.0,115787.0,6.0,Sim
Jeep Grand Cherokee,2019,7.0,77165.0,5.0,Não
Jeep Grand Cherokee,2018,8.0,77019.0,5.0,Não
RAM 2500,2021,5.0,61563.0,4.0,Não
Jeep Compass,2016,10.0,137852.0,6.0,Sim
Jeep Compass,2024,2.0,19550.0,1.0,Não
Fiat Palio,2011,15.0,152604.0,,Sim
Jeep Compass,2023,3.0,42517.0,1.0,Não
Jeep Grand Cherokee,2014,12.0,143562.0,11.0,Não
RAM 2500,2018,8.0,111207.0,4.0,Não
,2018,8.0,142227.0,6.0,Sim
Fiat Toro,2024,2.0,22797.0,3.0,Não
Jeep Grand Cherokee,2020,6.0,75668.0,18.0,Sim
Fiat Strada,2025,1.0,9760.0,3.0,Não
,2020,6.0,55192.0,4.0,Sim
Jeep Compass,2020,6.0,68290.0,2.0,Não
Fiat Palio,2012,14.0,142055.0,6.0,Sim
Fiat Palio,2013,13.0,147054.0,5.0,Não
Fiat Palio,2011,15.0,213230.0,11.0,Não
Fiat Toro,2022,4.0,52211.0,4.0,Não
Fiat Toro,2024,2.0,,2.0,Não
Fiat Strada,2022,4.0,54609.0,5.0,Não
Jeep Compass,2018,8.0,79959.0,8.0,Não
Jeep Renegade,2020,6.0,75890.0,6.0,Sim
Jeep Renegade,2021,5.0,86234.0,2.0,Não
Fiat Palio,2016,10.0,111335.0,4.0,Não
Fiat Strada,2021,5.0,53415.0,3.0,Não
Fiat Uno,2012,14.0,141004.0,12.0,Sim
Fiat Grand Siena,2014,12.0,123877.0,7.0,Sim
Jeep Renegade,2015,11.0,174976.0,6.0,Sim
Jeep Renegade,2024,2.0,,6.0,Não
Fiat Strada,2015,11.0,,6.0,Não
Fiat Strada,2020,6.0,73236.0,5.0,Não
Fiat Uno,2013,13.0,138040.0,13.0,Sim
Jeep Compass,2017,9.0,111326.0,8.0,Sim
Jeep Compass,2023,3.0,40345.0,7.0,Não
Jeep Grand Cherokee,2017,9.0,,6.0,Sim
Jeep Renegade,2016,10.0,122543.0,6.0,Sim
Fiat Strada,2017,9.0,115130.0,8.0,Sim
RAM 2500,2015,11.0,150790.0,6.0,Não
Jeep Renegade,2022,4.0,37638.0,5.0,Não
Jeep Compass,2021,5.0,64022.0,7.0,Não
Fiat Strada,2016,10.0,104044.0,4.0,Não
Fiat Strada,2025,1.0,10399.0,0.0,Não
Jeep Renegade,2019,7.0,88149.0,7.0,Sim
,2019,7.0,54636.0,6.0,Não
Fiat Uno,2014,12.0,116328.0,8.0,Não
Fiat Uno,2019,7.0,85909.0,7.0,Não
Fiat Uno,2013,13.0,152921.0,14.0,Não
Fiat Uno,2011,15.0,128169.0,20.0,Sim
RAM 2500,2025,1.0,11871.0,2.0,Não
Fiat Toro,2017,9.0,52183.0,9.0,Não
RAM 2500,2019,7.0,116008.0,6.0,Não
Jeep Compass,2025,1.0,8717.0,1.0,Não
Fiat Grand Siena,2012,14.0,147658.0,12.0,Sim
Jeep Renegade,2022,4.0,43582.0,5.0,Não
Fiat Grand Siena,2017,9.0,119736.0,7.0,Sim
Jeep Renegade,2023,3.0,30302.0,5.0,Não
Jeep Compass,2021,5.0,67252.0,2.0,Não
Fiat Toro,2021,5.0,70747.0,4.0,Não
Jeep Compass,2022,4.0,35993.0,3.0,Não
RAM 2500,2019,7.0,101804.0,6.0,Não
RAM 2500,2016,10.0,111383.0,6.0,Sim
Fiat Toro,2026,0.0,236.0,0.0,Não
RAM 2500,2017,9.0,107420.0,11.0,Sim
Fiat Toro,2019,7.0,84171.0,4.0,Não
Jeep Renegade,2015,11.0,150319.0,7.0,Sim
Fiat Uno,2012,14.0,197316.0,13.0,Não
Fiat Grand Siena,2012,14.0,175498.0,11.0,Sim
Jeep Renegade,2017,9.0,103658.0,6.0,Não
Jeep Compass,2020,6.0,75034.0,4.0,Não
RAM 2500,2021,5.0,84388.0,5.0,Sim
Fiat Toro,2025,1.0,14592.0,1.0,Não
RAM 2500,2021,5.0,64289.0,11.0,Sim
Jeep Grand Cherokee,2022,4.0,50615.0,6.0,Não
Jeep Renegade,2023,3.0,40054.0,3.0,Não
Jeep Compass,2024,2.0,24004.0,3.0,Não
RAM 2500,2016,10.0,103763.0,11.0,Sim
Jeep Grand Cherokee,2018,8.0,94530.0,9.0,Não
Fiat Toro,2018,8.0,81403.0,4.0,Não
RAM 2500,2019,7.0,57196.0,3.0,Não
Fiat Grand Siena,2014,12.0,125884.0,6.0,Sim
Fiat Uno,2019,7.0,77485.0,6.0,Não
Fiat Grand Siena,2015,11.0,148519.0,4.0,Não
Jeep Renegade,2024,2.0,18972.0,2.0,Não
Fiat Grand Siena,2014,12.0,138028.0,12.0,Não
Fiat Grand Siena,2012,14.0,163640.0,11.0,Não
Fiat Toro,2016,10.0,104066.0,13.0,Não
RAM 2500,2020,6.0,94127.0,4.0,Não
Fiat Palio,2016,,100931.0,12.0,Sim
Fiat Strada,2020,6.0,54913.0,3.0,Não
RAM 2500,2014,12.0,182134.0,10.0,Não
Jeep Renegade,2017,9.0,94001.0,12.0,Sim
Fiat Grand Siena,2014,12.0,127706.0,12.0,Não
Jeep Renegade,2024,2.0,,1.0,Não
Fiat Palio,2015,11.0,129233.0,11.0,Não
RAM 2500,2014,12.0,116933.0,11.0,Não
Fiat Uno,2016,10.0,163259.0,15.0,Sim
Jeep Compass,2023,3.0,39359.0,3.0,Não
Jeep Renegade,2022,4.0,49536.0,2.0,Não
Fiat Uno,2016,10.0,59167.0,6.0,Sim
Jeep Compass,2016,10.0,114268.0,9.0,Não
Fiat Toro,2020,6.0,69628.0,3.0,Não
Fiat Toro,2024,2.0,33424.0,2.0,Sim
Fiat Uno,2011,15.0,178313.0,6.0,Não
Fiat Strada,2016,10.0,118009.0,8.0,Sim
Fiat Palio,2013,13.0,,12.0,Não
Fiat Uno,2013,13.0,170470.0,11.0,Não
Jeep Compass,2017,9.0,68670.0,4.0,Não
Jeep Compass,2020,6.0,93681.0,7.0,Sim
Jeep Renegade,2021,5.0,44556.0,5.0,Não
Fiat Toro,2026,0.0,0.0,1.0,Não
RAM 2500,2022,4.0,35880.0,3.0,Não
Jeep Renegade,2020,6.0,75106.0,5.0,Não
Fiat Strada,2019,7.0,77977.0,5.0,Não
Fiat Grand Siena,2016,10.0,135948.0,8.0,Não
Fiat Palio,2016,10.0,108984.0,15.0,Sim
Jeep Compass,2018,8.0,76315.0,6.0,Sim
Fiat Palio,2013,13.0,195659.0,7.0,Não
Jeep Compass,2024,2.0,30205.0,3.0,Não
Fiat Toro,2020,6.0,,4.0,Não
,2019,7.0,91012.0,6.0,Não
Jeep Renegade,2017,9.0,104568.0,5.0,Sim
Jeep Grand Cherokee,2018,8.0,108153.0,,Não
Fiat Uno,2014,12.0,174754.0,12.0,Não
Fiat Strada,2017,9.0,131179.0,2.0,Não
Fiat Strada,2018,8.0,,2.0,Não
Fiat Uno,2013,13.0,111289.0,12.0,Não
Fiat Grand Siena,2013,13.0,150952.0,8.0,Não
Jeep Renegade,2020,6.0,93281.0,6.0,Não
Fiat Strada,2019,7.0,48519.0,2.0,Não
Jeep Grand Cherokee,2019,7.0,103104.0,11.0,Sim
Fiat Toro,2018,8.0,80583.0,6.0,Sim
Jeep Renegade,2024,2.0,24169.0,2.0,Não
Fiat Palio,2014,12.0,218095.0,12.0,Não
Fiat Strada,2025,1.0,12927.0,2.0,Não
Fiat Grand Siena,2016,10.0,147198.0,5.0,Sim
Fiat Strada,2024,2.0,23862.0,1.0,Não
Fiat Grand Siena,2014,12.0,125842.0,10.0,Não
Fiat Toro,2023,3.0,29303.0,3.0,Não
Jeep Compass,2018,8.0,80235.0,3.0,Não
Jeep Compass,2016,10.0,138558.0,12.0,Não
Fiat Uno,2020,6.0,88580.0,7.0,Não
RAM 2500,2014,12.0,147787.0,12.0,Sim
Fiat Uno,2020,6.0,54809.0,4.0,Sim
Fiat Strada,2025,1.0,6636.0,0.0,Não
Jeep Grand Cherokee,2016,10.0,126758.0,,Sim
Fiat Toro,2026,0.0,0.0,0.0,Não
Jeep Grand Cherokee,2020,6.0,74422.0,7.0,Não
Jeep Renegade,2017,9.0,83852.0,4.0,Sim
Jeep Compass,2020,6.0,78404.0,5.0,Sim
Fiat Grand Siena,2015,11.0,133684.0,10.0,Não
Fiat Strada,2015,11.0,185992.0,7.0,Sim
Jeep Compass,2020,6.0,56719.0,5.0,Não
RAM 2500,2018,8.0,97839.0,10.0,Não
Jeep Renegade,2023,3.0,32484.0,2.0,Não
Fiat Strada,2024,2.0,29091.0,2.0,Não
Jeep Renegade,2019,7.0,102620.0,6.0,Sim
Jeep Grand Cherokee,2014,12.0,99716.0,6.0,Não
Fiat Toro,2017,9.0,104852.0,3.0,Não
Jeep Compass,2022,4.0,38658.0,9.0,Não
Jeep Renegade,2019,7.0,70839.0,,Não
Jeep Renegade,2018,8.0,88086.0,12.0,Não
Fiat Toro,2024,2.0,18726.0,1.0,Não
Jeep Renegade,2016,10.0,120612.0,12.0,Sim
Fiat Toro,2018,8.0,88848.0,10.0,Não
RAM 2500,2015,,140578.0,13.0,Sim
Fiat Palio,2015,11.0,103332.0,8.0,Não
Fiat Grand Siena,2012,14.0,181685.0,13.0,Não
Fiat Palio,2012,14.0,130824.0,7.0,Não
Fiat Grand Siena,2014,12.0,216938.0,9.0,Não
Jeep Compass,2022,4.0,38428.0,6.0,Não
Fiat Strada,2018,8.0,105639.0,7.0,Sim
Fiat Toro,2021,5.0,64120.0,5.0,Não
Fiat Palio,2013,13.0,,11.0,Sim
Fiat Palio,2011,15.0,220263.0,13.0,Não
Fiat Uno,2011,15.0,175473.0,,Não
Fiat Grand Siena,2016,10.0,169122.0,12.0,Sim
,2016,10.0,140296.0,7.0,Sim
Fiat Strada,2022,4.0,33604.0,5.0,Não
Fiat Grand Siena,2015,11.0,77908.0,6.0,Sim
,2020,6.0,62370.0,2.0,Não
Fiat Palio,2011,15.0,144868.0,8.0,Não
Fiat Grand Siena,2019,7.0,77919.0,3.0,Não
Fiat Strada,2021,5.0,44831.0,5.0,Não
Fiat Grand Siena,2016,10.0,161056.0,11.0,Sim
Fiat Palio,2013,13.0,207514.0,5.0,Sim
Jeep Grand Cherokee,2014,12.0,162249.0,8.0,Sim
RAM 2500,2017,9.0,102079.0,12.0,Sim
Fiat Toro,2018,8.0,91653.0,3.0,Não
Jeep Renegade,2023,3.0,,0.0,Não
Fiat Palio,2011,15.0,188518.0,14.0,Sim
Fiat Toro,2018,8.0,,7.0,Não
Fiat Toro,2022,4.0,46925.0,3.0,Não
Jeep Compass,2021,5.0,24133.0,4.0,Sim
Fiat Uno,2017,9.0,88015.0,11.0,Sim
Jeep Renegade,2024,2.0,22335.0,0.0,Não
Fiat Grand Siena,2018,8.0,,3.0,Sim
Fiat Strada,2018,8.0,118968.0,7.0,Não
Fiat Uno,2019,7.0,68724.0,7.0,Não
Jeep Grand Cherokee,2016,10.0,135071.0,6.0,Sim
RAM 2500,2014,12.0,164958.0,12.0,Não
Fiat Grand Siena,2018,8.0,97777.0,3.0,Não
Jeep Renegade,2020,6.0,68189.0,3.0,Não
Fiat Palio,2011,15.0,206078.0,7.0,Sim
Fiat Uno,2018,8.0,105584.0,4.0,Sim
Jeep Grand Cherokee,2018,,87904.0,10.0,Sim
Fiat Strada,2022,4.0,57362.0,2.0,Sim
Fiat Toro,2025,1.0,5478.0,0.0,Sim
Fiat Grand Siena,2016,10.0,93181.0,7.0,Não
Fiat Uno,2017,9.0,84321.0,7.0,Sim
Jeep Grand Cherokee,2024,2.0,28089.0,0.0,Não
Jeep Renegade,2019,7.0,85971.0,6.0,Não
Fiat Uno,2017,9.0,122108.0,7.0,Não
Fiat Strada,2020,6.0,67948.0,4.0,Não
Fiat Strada,2022,4.0,23565.0,3.0,Não
Jeep Renegade,2018,8.0,116563.0,8.0,Não
Jeep Grand Cherokee,2020,6.0,41922.0,7.0,Não
Jeep Grand Cherokee,2023,3.0,39973.0,6.0,Não
Jeep Renegade,2015,11.0,135200.0,8.0,Não
RAM 2500,2017,9.0,141486.0,12.0,Sim
Fiat Palio,2017,9.0,,5.0,Não
Fiat Toro,2020,6.0,66695.0,4.0,Sim
Jeep Grand Cherokee,2024,2.0,24835.0,1.0,Não
Fiat Toro,2025,1.0,10324.0,2.0,Não
Fiat Strada,2024,2.0,37102.0,2.0,Não
RAM 2500,2022,4.0,57268.0,2.0,Não
RAM 2500,2014,12.0,154829.0,11.0,Sim
Fiat Grand Siena,2017,9.0,123843.0,5.0,Não
Fiat Strada,2019,7.0,60849.0,3.0,Não
Fiat Grand Siena,2018,8.0,124180.0,2.0,Não
Fiat Palio,2014,12.0,136791.0,12.0,Não
Fiat Strada,2018,8.0,80790.0,6.0,Não
Fiat Grand Siena,2017,9.0,89291.0,9.0,Não
Fiat Strada,2022,4.0,50662.0,3.0,Não
RAM 2500,2025,1.0,9379.0,1.0,Sim
Fiat Strada,2024,2.0,17457.0,3.0,Não
Fiat Palio,2011,,131769.0,6.0,Sim
Jeep Compass,2023,3.0,32484.0,4.0,Não
Jeep Renegade,2016,10.0,99003.0,7.0,Sim
Fiat Uno,2019,7.0,71247.0,8.0,Não
Jeep Renegade,2023,3.0,35536.0,2.0,Não
Fiat Toro,2023,3.0,35950.0,5.0,Não
Jeep Compass,2016,10.0,133579.0,6.0,Não
Fiat Strada,2026,0.0,0.0,1.0,Não
Jeep Renegade,2023,3.0,21224.0,3.0,Não
Fiat Strada,2026,0.0,2742.0,0.0,Não
Fiat Grand Siena,2014,12.0,199834.0,9.0,Sim
Fiat Grand Siena,2015,11.0,93954.0,8.0,Não
Fiat Grand Siena,2015,11.0,149390.0,8.0,Sim
RAM 2500,2021,5.0,55953.0,6.0,Sim
Fiat Uno,2014,12.0,134269.0,12.0,Não
Jeep Compass,2018,8.0,88448.0,6.0,Sim
Fiat Strada,2020,6.0,69884.0,4.0,Não
Jeep Renegade,2021,5.0,49617.0,3.0,Não
Fiat Uno,2017,9.0,106709.0,8.0,Sim
Fiat Strada,2022,4.0,51339.0,4.0,Não
Fiat Uno,2018,8.0,100937.0,2.0,Não
Fiat Toro,2018,8.0,66711.0,8.0,Não
Fiat Strada,2023,3.0,42583.0,2.0,Não
Fiat Grand Siena,2019,7.0,80425.0,4.0,Não
,2017,9.0,102609.0,2.0,Não
Jeep Grand Cherokee,2020,6.0,86214.0,4.0,Sim
Fiat Palio,2015,11.0,167893.0,9.0,Não
Jeep Grand Cherokee,2020,6.0,72706.0,2.0,Não
Fiat Palio,2014,12.0,149796.0,8.0,Não
Fiat Grand Siena,2016,10.0,66899.0,5.0,Não
Jeep Renegade,2019,7.0,81093.0,6.0,Sim
Jeep Compass,2020,6.0,68595.0,3.0,Não
Fiat Palio,2013,13.0,141085.0,3.0,Sim
Fiat Strada,2022,4.0,55907.0,1.0,Não
RAM 2500,2020,6.0,69108.0,3.0,Não
Fiat Strada,2016,10.0,137829.0,9.0,Não
Fiat Uno,2015,11.0,141078.0,8.0,Não
Fiat Strada,2023,3.0,34849.0,1.0,Sim
Fiat Uno,2018,8.0,92697.0,3.0,Não
Fiat Uno,2013,13.0,68142.0,7.0,Sim
Jeep Compass,2022,4.0,48450.0,4.0,Não
Fiat Palio,2013,13.0,153515.0,8.0,Sim
Fiat Uno,2013,13.0,167055.0,7.0,Sim
Fiat Strada,2021,5.0,56681.0,4.0,Não
Fiat Toro,2020,6.0,67595.0,6.0,Não
Fiat Toro,2023,3.0,38491.0,3.0,Não
Jeep Compass,2024,2.0,16702.0,0.0,Não
Jeep Compass,2016,10.0,142382.0,8.0,Não
Fiat Palio,2011,15.0,174836.0,9.0,Não
Fiat Palio,2015,11.0,136885.0,8.0,Não
Jeep Renegade,2016,10.0,120350.0,6.0,Sim
Jeep Compass,2023,3.0,42121.0,,Não
Jeep Compass,2024,2.0,37612.0,1.0,Não
Fiat Grand Siena,2018,8.0,,9.0,Sim
Jeep Renegade,2015,11.0,151158.0,5.0,Sim
Fiat Toro,2024,2.0,18989.0,3.0,Não
Fiat Palio,2016,10.0,109771.0,4.0,Sim
Jeep Grand Cherokee,2023,3.0,36183.0,2.0,Não
Jeep Renegade,2019,7.0,72078.0,3.0,Não
Fiat Toro,2026,0.0,0.0,0.0,Sim
Fiat Uno,2017,9.0,95408.0,,Não
Jeep Grand Cherokee,2020,6.0,71188.0,4.0,Não
Fiat Strada,2021,5.0,69952.0,3.0,Não
Fiat Toro,2024,2.0,13134.0,1.0,Sim
Jeep Compass,2019,7.0,71262.0,0.0,Sim
Jeep Compass,2019,7.0,73231.0,5.0,Sim
Fiat Toro,2016,10.0,157039.0,8.0,Sim
Fiat Strada,2022,4.0,43244.0,3.0,Não
Jeep Compass,2021,5.0,,2.0,Não
RAM 2500,2025,1.0,11389.0,1.0,Não
Fiat Toro,2022,4.0,53342.0,2.0,Não
Fiat Palio,2014,12.0,137360.0,13.0,Sim
RAM 2500,2017,9.0,111190.0,7.0,Sim
Jeep Compass,2020,6.0,74131.0,10.0,Não
Fiat Palio,2017,9.0,87641.0,10.0,Sim
Jeep Compass,2023,3.0,45154.0,3.0,Não
Jeep Renegade,2018,8.0,,2.0,Sim
Jeep Compass,2017,9.0,120346.0,9.0,Não
Fiat Toro,2019,7.0,63720.0,3.0,Não
Jeep Grand Cherokee,2025,1.0,13278.0,0.0,Não
Jeep Renegade,2024,2.0,27295.0,3.0,Não
Fiat Palio,2013,13.0,145392.0,12.0,Não
Jeep Renegade,2016,10.0,148114.0,9.0,Sim
Fiat Palio,2013,13.0,125616.0,7.0,Sim
Jeep Compass,2019,7.0,120113.0,10.0,Sim
Fiat Grand Siena,2016,10.0,,6.0,Não
Jeep Grand Cherokee,2020,6.0,66416.0,6.0,Sim
Fiat Uno,2019,7.0,81084.0,7.0,Não
Fiat Uno,2014,12.0,222402.0,9.0,Não
Fiat Uno,2011,15.0,170733.0,13.0,Não
Jeep Grand Cherokee,2020,6.0,90213.0,7.0,Sim
Fiat Uno,2015,11.0,161435.0,6.0,Não
Jeep Renegade,2020,6.0,56282.0,5.0,Não
Fiat Uno,2012,14.0,102330.0,9.0,Não
Fiat Toro,2017,9.0,108164.0,5.0,Não
Fiat Toro,2018,8.0,80405.0,5.0,Não
RAM 2500,2021,5.0,44383.0,4.0,Sim
Fiat Palio,2013,13.0,179743.0,9.0,Não
Fiat Grand Siena,2018,8.0,42294.0,3.0,Não
Jeep Renegade,2024,2.0,26772.0,3.0,Não
Jeep Renegade,2016,10.0,130452.0,10.0,Sim
Jeep Renegade,2019,7.0,87528.0,4.0,Não
Fiat Strada,2019,7.0,71514.0,5.0,Não
Fiat Uno,2017,9.0,115302.0,5.0,Sim
Fiat Toro,2024,2.0,25496.0,3.0,Não
Fiat Uno,2013,13.0,151732.0,11.0,Não
Fiat Toro,2018,8.0,104498.0,4.0,Não
Fiat Palio,2011,15.0,223132.0,17.0,Sim
Fiat Palio,2013,13.0,183636.0,4.0,Não
Jeep Compass,2023,3.0,42518.0,3.0,Não
Fiat Strada,2018,8.0,63818.0,4.0,Não
Jeep Grand Cherokee,2016,10.0,99999.0,10.0,Não
Jeep Compass,2023,3.0,28005.0,1.0,Não
RAM 2500,2014,12.0,141233.0,12.0,Sim
RAM 2500,2019,7.0,,8.0,Sim
Fiat Strada,2018,8.0,40331.0,6.0,Não
Jeep Compass,2025,,5833.0,2.0,Não
Jeep Renegade,2019,7.0,82335.0,2.0,Não
Jeep Compass,2024,2.0,23049.0,2.0,Não
Fiat Palio,2013,13.0,154357.0,9.0,Sim
Fiat Toro,2020,6.0,81667.0,3.0,Não
Fiat Toro,2025,1.0,10371.0,4.0,Não
Fiat Toro,2021,5.0,,4.0,Não
Jeep Grand Cherokee,2020,6.0,84623.0,5.0,Sim
Jeep Compass,2024,2.0,14821.0,1.0,Não
Jeep Grand Cherokee,2025,1.0,,2.0,Não
Fiat Grand Siena,2014,12.0,141903.0,8.0,Não
Fiat Strada,2021,5.0,48324.0,3.0,Não
Jeep Grand Cherokee,2025,1.0,13861.0,1.0,Não
Fiat Palio,2015,11.0,147020.0,9.0,Sim
Jeep Renegade,2021,5.0,67450.0,6.0,Não
Jeep Compass,2023,3.0,26760.0,5.0,Não
Jeep Grand Cherokee,2022,4.0,43040.0,1.0,Não
Fiat Strada,2017,9.0,117991.0,8.0,Não
Jeep Grand Cherokee,2024,2.0,23276.0,4.0,Sim
Jeep Renegade,2021,5.0,41631.0,2.0,Não
Jeep Renegade,2020,6.0,60518.0,5.0,Não
Fiat Grand Siena,2012,14.0,163346.0,11.0,Sim
RAM 2500,2015,11.0,165771.0,7.0,Sim
Fiat Strada,2020,6.0,76171.0,1.0,Não
Fiat Palio,2017,9.0,113631.0,8.0,Sim
Fiat Toro,2020,6.0,38986.0,3.0,Não
RAM 2500,2024,2.0,16866.0,5.0,Não
Fiat Toro,2021,5.0,47235.0,7.0,Não
Fiat Palio,2017,9.0,65977.0,8.0,Não
Jeep Renegade,2018,8.0,87573.0,4.0,Não
Fiat Strada,2023,3.0,36698.0,0.0,Não
Fiat Grand Siena,2018,8.0,93601.0,6.0,Sim
Fiat Strada,2020,6.0,97630.0,4.0,Não
Fiat Uno,2016,10.0,148937.0,8.0,Sim
Jeep Renegade,2024,2.0,28989.0,2.0,Não
Fiat Palio,2016,10.0,117286.0,3.0,Não
Fiat Uno,2011,15.0,152412.0,7.0,Não
Fiat Toro,2021,5.0,49713.0,5.0,Não
Fiat Uno,2011,15.0,,12.0,Sim
Fiat Toro,2019,7.0,57753.0,2.0,Não
Jeep Compass,2023,3.0,41066.0,1.0,Não
Fiat Toro,2025,1.0,13067.0,0.0,Não
Fiat Strada,2026,0.0,679.0,1.0,Não
Fiat Grand Siena,2017,9.0,95668.0,4.0,Sim
Fiat Uno,2014,,57058.0,7.0,Sim
Jeep Renegade,2024,2.0,,0.0,Não
Jeep Compass,2019,7.0,69932.0,7.0,Não
Jeep Grand Cherokee,2023,3.0,25009.0,1.0,Não
Fiat Toro,2026,0.0,2676.0,0.0,Sim
Jeep Renegade,2017,9.0,100046.0,7.0,Sim
Jeep Renegade,2023,,29825.0,1.0,Não
RAM 2500,2025,1.0,14709.0,2.0,Não
Jeep Renegade,2023,3.0,28056.0,1.0,Não
Jeep Grand Cherokee,2015,11.0,104514.0,8.0,Sim
Fiat Palio,2014,12.0,132747.0,12.0,Sim
Fiat Toro,2026,0.0,1678.0,0.0,Não
Fiat Toro,2024,2.0,16776.0,2.0,Não
Jeep Grand Cherokee,2024,2.0,,3.0,Sim
Fiat Palio,2011,15.0,183792.0,11.0,Não
Jeep Grand Cherokee,2016,10.0,94238.0,9.0,Sim
Fiat Strada,2015,11.0,146621.0,9.0,Sim
Jeep Compass,2021,5.0,61433.0,1.0,Não
Fiat Strada,2022,4.0,18735.0,1.0,Não
Fiat Grand Siena,2015,11.0,83289.0,8.0,Não
Jeep Compass,2017,,125739.0,7.0,Não
Jeep Grand Cherokee,2017,9.0,108108.0,6.0,Sim
Jeep Compass,2019,7.0,64966.0,5.0,Não
Fiat Toro,2016,10.0,113628.0,4.0,Não
Jeep Grand Cherokee,2018,8.0,52654.0,2.0,Não
Jeep Renegade,2024,2.0,22521.0,2.0,Não
Fiat Toro,2020,6.0,91097.0,5.0,Não
Jeep Compass,2022,4.0,51795.0,7.0,Não
Fiat Strada,2022,4.0,41911.0,,Não
Jeep Compass,2021,5.0,61587.0,6.0,Sim
Fiat Uno,2016,10.0,133874.0,3.0,Não
Jeep Compass,2017,9.0,75774.0,8.0,Não
Jeep Compass,2023,3.0,38070.0,3.0,Não
Jeep Renegade,2017,9.0,129083.0,7.0,Não
Fiat Grand Siena,2013,13.0,149463.0,19.0,Sim
Fiat Toro,2018,8.0,89602.0,6.0,Não
Jeep Compass,2024,2.0,27747.0,1.0,Não
